margin_low,margin_high,bin_low,bin_hi,p0.01,p0.1,p1,p2,p3,p4,p5,p10,p15,p20,p25,p30,p35,p40,p45,p50,p55,p60,p65,p70,p75,p80,p85,p90,p95,p97,p98,p99,p99.9,p99.99
-5,5,0,5,-94.08667274,-47.04333637,-45.8158537,-44.58837103,-43.51783716,-42.65041347,-41.78298979,-34.80914694,-32.39745902,-31.91995592,-26.07033444,-21.44906811,-19.39996062,-15.94336563,-11.32586677,-8.048532761,-1.593285573,7.269391716,17.59972013,29.53590109,32.51018204,34.0000008,35.11177886,42.21344604,43.56827127,44.68159174,45.56107192,46.69000389,47.81893585,95.6378717
-5,5,5.00000001,10,-65.52259552,-32.76129776,-30.73777471,-28.71425166,-26.69072861,-24.66720556,-22.6436825,-12.52606725,-11.55821847,-10.59036969,-9.497987473,-8.405605261,-8.070638569,-7.735671877,-3.798047225,0.1395774263,1.981931786,3.824286146,3.993378079,4.162470012,6.910063326,9.657656641,12.20713716,14.75661768,26.16481035,30.72808742,33.00972595,35.29136449,37.57300302,75.14600604
-5,5,10.00000001,15,-75.1720439,-37.58602195,-35.09924552,-32.61246909,-30.12569266,-27.63891623,-25.15213979,-19.47533272,-18.51798933,-15.47059013,-8.33347091,-0.2330593756,6.185862904,10.26115337,12.51611518,12.86477917,16.18815682,17.8252363,18.46754399,20.72956269,28.26541727,35.36631599,36.10598919,45.08695267,54.3912206,57.55279768,59.13358622,60.71437476,62.2951633,124.5903266
-5,5,15.00000001,20,-81.972635,-40.9863175,-40.06074979,-39.13518209,-38.20961438,-37.28404668,-36.13867955,-28.35502061,-19.47186433,-16.61298116,-15.26792718,-14.90307853,-14.12065716,-12.88769983,-11.92070871,-11.31396288,-10.25974423,-2.520036319,0.2849674311,6.110065673,10.34835181,10.71252703,13.49799725,15.97312384,16.12356947,21.24990162,25.05330934,28.85671706,32.66012479,65.32024958
-5,5,20.00000001,25,-98.09526452,-49.04763226,-47.23531063,-45.422989,-43.61066737,-41.79834574,-41.14072467,-37.0563215,-26.22044916,-19.9619112,-12.64662334,-10.67835083,-9.742948825,-9.481653088,-9.335672351,-7.399591248,-3.945367811,-2.748261319,-2.24360809,8.011253779,10.49075907,15.86948233,18.94478404,19.1869625,21.80510791,25.74164774,28.33171441,30.92178108,33.51184774,67.02369548
-5,5,25.00000001,30,-73.23340484,-36.61670242,-34.8662019,-33.11570138,-31.36520086,-29.61470035,-27.86419983,-17.42175379,-11.43919931,-10.67522981,-10.49739706,-7.241787164,-5.846861241,-5.019022702,-3.733455263,-1.23412295,5.212643865,7.059751816,7.407697049,7.885527779,8.650844288,9.300844416,10.35493234,13.46064647,18.14529072,19.61354823,20.34767699,21.08180574,21.81593449,43.63186898
-5,5,30.00000001,35,-56.11284006,-28.05642003,-26.52250127,-24.98858251,-23.45466375,-21.92074499,-21.27769765,-18.75768281,-16.72068804,-11.80214108,-6.892681882,-2.353161957,1.932908673,2.962674753,4.053143282,5.096460497,6.713910119,9.343205452,11.08243109,15.63548422,19.38062866,20.99682368,22.04125591,23.86268833,25.07935913,25.56188358,25.89891995,26.23595632,26.57299269,53.14598538
-5,5,35.00000001,40,-39.30120434,-19.65060217,-18.63727359,-17.62394501,-16.61061643,-15.2612089,-13.46369612,-9.174347965,-8.855471086,-7.149304919,-6.476178483,-6.151035978,-5.666976661,-5.178563187,-4.718318933,-4.389320885,-2.887227643,-1.791636024,4.720079405,8.127517576,8.234130934,8.649845362,10.11423733,11.77327989,16.50584253,19.13757595,19.35197369,19.56637143,19.78076917,39.56153834
-5,5,40.00000001,45,-48.12282968,-24.06141484,-23.83798842,-23.614562,-23.16584611,-21.36539343,-19.56494075,-17.01791894,-14.75906089,-10.263151,-5.643980431,-4.868762126,-4.18440001,-4.086687543,-3.673711527,-2.79987541,-2.219528661,-0.5665276608,0.7768294854,2.880452941,7.884144052,8.62866061,10.47138459,15.08958525,16.90848528,17.45693071,18.77689962,20.27115956,21.7654195,43.530839
-5,5,45.00000001,50,-37.86250274,-18.93125137,-18.27205401,-17.61285666,-16.91878294,-16.10264193,-15.28650093,-12.77329253,-11.71313758,-7.271394892,-6.917364671,-5.904045941,-4.989703043,-1.3790148,-0.1420145451,1.019655552,4.089888944,5.340073362,7.351314044,8.732185819,10.1422936,10.99668246,11.13672811,11.51674224,14.22737296,19.57474081,20.84337106,21.71055741,22.57774376,45.15548752
-5,5,50.00000001,55,-40.0349845,-20.01749225,-16.60364199,-13.5269764,-12.38912261,-11.39935207,-10.76127926,-9.287549994,-7.348629789,-6.674060491,-5.888084962,-5.598835695,-4.706105618,-2.45804725,-1.656151791,-1.186776751,-0.4024262936,-0.008809998775,0.1614547773,1.446458365,1.60687422,4.078182928,6.849947792,9.06378943,11.08439367,13.12376667,14.48468825,15.68354983,16.85422706,33.70845412
-5,5,55.00000001,60,-48.10022582,-24.05011291,-23.86062009,-23.67112726,-19.83439988,-14.23693858,-10.58165357,-10.05799815,-7.319802912,-6.113228344,-5.182089115,-4.648830255,-4.229542969,-3.035884489,-2.703458424,-2.19008323,-0.4632133928,-0.02817133016,1.207679926,2.752806949,4.162008681,5.004013176,6.014222978,7.270301505,8.555394402,8.668414485,10.11457936,14.42461714,18.73465492,37.46930984
-5,5,60.00000001,65,-17.02080819,-8.510404093,-8.169415938,-7.828427783,-7.756647242,-7.741541987,-7.708650579,-7.126447157,-6.106966385,-4.472226764,-3.352410846,-2.084585152,-1.206296209,-0.5031936159,-0.08917239257,0.2458361041,0.5443862611,1.229080894,1.62027378,2.977904817,4.054519224,5.257828043,6.360311762,11.17956559,12.16076883,16.86854118,19.82319274,20.93295008,22.04270742,44.08541484
-5,5,65.00000001,70,-19.98175506,-9.990877529,-9.063762656,-8.194499675,-8.019459388,-7.863570295,-7.813012766,-7.174984077,-6.472362135,-5.989612995,-4.796464741,-3.355770203,-2.728468556,-2.346767498,-1.939879057,-1.435718226,-0.7736301098,0.03972695086,0.4139719974,0.7363825562,1.100350187,2.898748037,3.20771957,5.502561802,7.118307287,12.53909567,18.10224258,20.70106132,23.0528527,46.1057054
-5,5,70.00000001,75,-43.65499034,-21.82749517,-14.57472939,-9.692274769,-7.575183175,-6.988125452,-6.704524491,-4.675702323,-4.208219026,-3.89701197,-3.187988302,-2.43094261,-1.484068985,-0.5136552205,-0.02933012676,0.06565146613,0.3480255152,0.9745157187,1.301666528,1.966698914,2.458684025,3.162860584,4.374997818,5.508885622,7.213146474,7.698470462,7.738009532,7.97086461,8.369419122,16.73883824
-5,5,75.00000001,80,-16.16188002,-8.080940008,-8.080940008,-7.912785269,-7.478385526,-7.359975967,-7.10447778,-4.571101508,-4.238574616,-3.036483676,-2.616000646,-2.419381092,-2.273633234,-1.349978669,-0.5156224279,-0.0001130306223,0.0304519621,0.07627712266,0.1777330413,0.8145904016,1.336853049,1.93686496,2.500433421,4.12465098,4.491404004,5.359063827,5.396492063,6.309455428,7.775388347,15.55077669
-5,5,80.00000001,85,-14.56622809,-7.283114046,-7.040019982,-6.935836812,-6.935836812,-6.935836812,-6.305383916,-2.976866981,-2.381307509,-1.805073904,-1.679208472,-1.110742643,-0.9180480452,-0.5573230932,-0.2178349116,-0.02147437953,0.06862978162,0.3625176555,0.4941100686,0.7743621978,0.9931125254,1.368407102,1.815990368,2.596869251,4.399703081,7.473137147,7.944267868,11.6701267,20.15368303,40.30736606
-5,5,85.00000001,90,-25.51492972,-12.75746486,-11.11101809,-8.473771714,-6.104814103,-4.921460582,-4.910818274,-2.546369832,-2.018268664,-1.215250139,-0.8633083934,-0.6892394475,-0.4280365726,-0.0500852634,-0.0005896734452,0.1024944491,0.3275666173,0.4552698114,0.7332425022,0.9630831948,1.110136282,1.443834875,1.591539362,1.864326795,4.179584278,6.051047365,7.294709299,7.369652787,7.763106101,15.5262122
-5,5,90.00000001,95,-47.29999412,-23.64999706,-4.987765757,-2.798223227,-2.227405548,-1.949211786,-1.888055406,-1.350629242,-1.050287564,-0.8581511252,-0.5729329133,-0.3192180976,-0.1404947681,-0.05625062692,-0.02255947389,-0.004572254016,0.02475760423,0.1125807462,0.2184737076,0.2794422362,0.3858021678,0.5154211199,0.7824400111,1.107511065,1.513221479,2.700748636,2.996803075,3.575329734,7.5074736,15.0149472
-5,5,95.00000001,99.9999999,-47.29999412,-23.64999706,-8.288518988,-1.767148035,-1.115253369,-0.8898444298,-0.8753863581,-0.4172207466,-0.2477679955,-0.1139362539,-0.06400654998,-0.03468234981,-0.01352819245,-0.004093934503,-0.0001130306223,0.005928621016,0.02831426397,0.07388016423,0.1682434556,0.2856191922,0.3760753385,0.4693904131,0.5699395284,0.7114555451,0.9420458287,1.595896291,2.589041926,2.961397628,9.408974216,18.81794843
-5,5,99.99999991,100,0,0,0,0,0,0,0,0,0,0,0,0,0,0,0,0,0,0,0,0,0,0,0,0,0,0,0,0,0,0
-20,-5.0000001,0,5,-67.8921497,-33.94607485,-29.25379824,-24.56152162,-23.63458834,-23.25868093,-21.67621678,-16.82024592,-14.32251608,-12.19008353,-9.576190422,-7.689841457,0.3418665742,7.295056848,12.78665795,13.72243695,20.11998516,21.11165581,29.73233911,38.02710067,39.57544684,40.35471254,42.92080519,44.0198196,44.83886267,46.33182569,47.33176869,47.40281359,47.4738585,94.947717
-20,-5.0000001,5.00000001,10,-63.40355188,-31.70177594,-31.3630724,-31.02436887,-30.40501556,-29.30454836,-28.20408116,-23.32248571,-21.50523915,-20.61920829,-17.53115376,-15.99905406,-15.22292731,-13.7198,-11.8820776,-4.586445341,-3.934443588,-0.1979535716,2.310244202,4.990246213,7.224201705,13.74076766,18.63702417,27.58031931,32.55756887,32.57706881,33.12758809,33.99355614,34.85952419,69.71904838
-20,-5.0000001,10.00000001,15,-61.38727484,-30.69363742,-27.44151648,-24.18939555,-22.21585035,-21.24292964,-20.3607886,-18.75373392,-18.00738649,-16.02359825,-12.48522902,-9.294757487,-4.676859423,-3.52503645,-1.787696715,-0.5033312365,3.156566134,5.167554403,6.697922894,8.493307915,11.10897208,14.21206796,17.61498408,21.87204754,31.39898126,31.69623425,31.92344589,32.32854922,32.73365254,65.46730508
-20,-5.0000001,15.00000001,20,-41.11891202,-20.55945601,-20.09134845,-19.62324089,-19.15676347,-18.71636837,-18.27597327,-16.56926798,-14.80920214,-13.80933688,-4.297246132,-2.840310493,-1.912239725,-1.232754991,-0.38531488,-0.1243587677,1.031685653,2.916098748,5.328439009,7.573849119,8.170708577,14.52679078,14.67493433,18.53082703,21.67863561,22.81145627,24.68413934,26.63846446,28.59278958,57.18557916
-20,-5.0000001,20.00000001,25,-55.13095498,-27.56547749,-26.93421848,-26.30295946,-25.43223111,-23.12468672,-20.81714233,-17.99957332,-15.65022724,-13.22980621,-11.47990693,-8.147406221,-4.77970508,-4.425640631,-1.373542205,0.5509065418,2.257531319,4.452665207,6.009091757,12.69436597,15.5314881,20.52665017,24.56019389,27.38616122,33.21588079,33.306205,35.057371,37.09287097,39.12837095,78.2567419
-20,-5.0000001,25.00000001,30,-29.15593726,-14.57796863,-14.19864511,-13.8193216,-13.58436949,-13.53625097,-13.48813245,-13.14441603,-11.43150539,-10.53225854,-9.787005199,-9.102177178,-6.368315729,-3.310216887,-1.431306496,1.772061001,6.479933266,10.39698571,12.99299608,13.32716856,13.93343064,14.74248476,16.0841498,20.50416449,20.9621063,21.99636503,24.11323375,27.46626472,30.81929568,61.63859136
-20,-5.0000001,30.00000001,35,-45.63006548,-22.81503274,-20.17760416,-17.54017557,-14.90274699,-14.19408887,-14.0479888,-9.314855738,-8.646444271,-8.382691723,-7.85811896,-2.456635158,-0.321483944,1.250580025,3.177170823,6.318917481,7.433776044,8.802390706,12.00294027,12.67085495,16.16031651,17.15077478,17.9456035,21.46260988,25.45589304,26.16128262,26.58612339,27.01096417,27.43580494,54.87160988
-20,-5.0000001,35.00000001,40,-45.57380374,-22.78690187,-20.37288944,-17.958877,-16.44060112,-15.8180618,-15.19552247,-8.052882612,-6.778068911,-5.426171915,-3.309318569,0.6720933013,3.009495526,3.419175887,4.376614742,5.594843759,7.299565918,7.60721511,8.871253266,11.83363801,12.54803205,13.11322985,14.63171556,17.63109526,20.30736217,22.84747267,23.7261148,24.21334381,24.70057282,49.40114564
-20,-5.0000001,40.00000001,45,-45.63006548,-22.81503274,-20.42983193,-18.40873331,-16.71292558,-15.04342958,-13.84596885,-10.80942757,-8.639498045,-6.696315588,-3.067518984,-1.503438602,-0.4682489879,1.130127297,2.456303812,2.904040404,4.04835742,4.859382575,5.437587245,6.064018351,7.395742604,8.513552872,11.32053711,15.16633745,18.54653414,18.97563861,21.26271865,23.22640915,24.67545474,49.35090948
-20,-5.0000001,45.00000001,50,-30.08677126,-15.04338563,-14.51369983,-13.84506806,-12.85994829,-11.72047554,-10.48238839,-7.240027671,-4.838748387,-2.531296594,0.2314078146,1.720188995,2.627780636,3.76229488,4.574292892,4.832223286,5.919022053,6.537461488,7.012097071,7.249792412,7.803019341,9.548576674,10.8385081,12.93035874,14.28593247,15.40305402,18.14688559,20.12208475,21.75983555,43.5196711
-20,-5.0000001,50.00000001,55,-25.7057149,-12.85285745,-12.59078821,-11.47756194,-10.96232861,-10.44360461,-10.11627752,-7.937253654,-6.099401799,-3.870510767,-2.059454546,-1.713340671,-1.174103505,-0.1387788012,0.5455530457,1.417186848,2.789342902,4.32658937,4.765078123,5.764880434,6.328448972,8.140235593,9.72965896,11.12751719,11.94465689,16.54416972,18.70193752,19.61402188,21.78214001,43.56428002
-20,-5.0000001,55.00000001,60,-27.29560172,-13.64780086,-12.10946275,-11.63192877,-11.48088293,-11.20211433,-10.64477198,-5.963395149,-4.458357602,-3.188890368,-1.680977272,-0.5771340839,-0.005088397813,0.6309169487,1.032731883,1.864955371,3.218160629,4.048504211,4.706532625,5.764573462,6.935174133,8.101406311,8.369467411,8.975420789,9.496924591,9.896747442,10.01748582,10.80639294,13.82111796,27.64223592
-20,-5.0000001,60.00000001,65,-19.70614339,-9.853071694,-8.654761007,-7.404493652,-6.636557838,-6.6100042,-6.5215817,-5.357366886,-4.222285029,-2.378395993,-0.9253376329,-0.2100196877,0.199657265,0.7911607771,1.538434186,2.256262303,2.75572574,3.242766408,3.716791307,4.639659027,5.250060344,5.669212143,6.9129776,8.040469329,10.9679729,11.41991541,12.18638787,12.92449675,13.12580818,26.25161636
-20,-5.0000001,65.00000001,70,-27.13043838,-13.56521919,-12.63595138,-12.26888639,-11.01714531,-8.769129771,-7.462240659,-5.640928604,-3.737120361,-2.323546602,-1.159299807,-0.4424878232,0.4432172266,0.9903691001,1.487994386,2.219171671,2.705878963,3.282946047,3.589361189,4.762878653,5.196876828,5.814826781,5.987008744,7.06628624,8.154802561,9.342226736,9.745452449,11.48577204,17.57075868,35.14151736
-20,-5.0000001,70.00000001,75,-25.20580402,-12.60290201,-10.49809414,-7.644332608,-7.212898121,-6.330561363,-5.798516355,-3.405058559,-2.070654482,-1.443533511,-0.810437484,-0.4726533844,0.103838343,0.2532751465,1.369516167,1.696475648,1.915343812,2.683175536,3.025203127,3.385980128,3.510828676,3.818661487,4.193715313,5.840413554,7.313025904,7.770048811,8.039151552,8.281598377,8.290125152,16.5802503
-20,-5.0000001,75.00000001,80,-14.42579624,-7.212898121,-6.424574496,-6.275796275,-6.124034143,-5.864877484,-5.150852429,-4.011580475,-3.267608995,-1.96221807,-1.673162488,-1.187485,-0.9970820512,-0.8374643076,-0.3521161983,-0.1451574124,-0.02104223369,0.2099990743,0.4711036912,0.9001187182,1.198047338,1.579355938,2.438645936,2.947818328,4.466211449,4.921125152,5.036120613,5.295940207,6.200012334,12.40002467
-20,-5.0000001,80.00000001,85,-14.47434304,-7.237171519,-6.417314813,-5.090277593,-4.325873302,-4.164098723,-3.84355164,-1.656358617,-0.8864536169,-0.6712826098,-0.4722276981,-0.1998344903,-0.02135438467,0.08174731307,0.2852277684,0.6422493124,0.7941442802,1.186329435,1.566840375,1.66131755,2.024939767,2.656993744,3.032690163,3.762096602,4.918048278,5.232437188,5.311335582,6.288788817,15.69632121,31.39264242
-20,-5.0000001,85.00000001,90,-49.79913924,-24.89956962,-5.657106235,-5.36696179,-5.016540681,-4.341506987,-3.662148384,-2.057664221,-1.253809485,-0.8721056269,-0.5786276333,-0.3724616358,-0.1373569594,-0.05181929401,-0.01520435092,-0.001839826135,0.06475925877,0.3487777183,0.4547909279,0.5547748708,0.7549249503,0.96084113,1.121962058,1.449855853,2.52814864,3.07156997,3.256856849,3.38964345,5.194291528,10.38858306
-20,-5.0000001,90.00000001,95,-7.117070348,-3.558535174,-3.191067533,-2.614007536,-2.139192079,-2.04554115,-2.02517017,-1.083087431,-0.8812285876,-0.6615665671,-0.4706265541,-0.2908202313,-0.2044343186,-0.1650865251,-0.1378526401,-0.1006326686,-0.05540267966,-0.01395018834,0.00220494363,0.08202701101,0.1918413782,0.4492974073,0.6446892577,0.7686293107,1.332980691,2.300560413,3.255703889,4.644533312,18.00242067,36.00484134
-20,-5.0000001,95.00000001,99.9999999,-13.9270434,-6.963521702,-3.929558324,-3.037925801,-1.92299597,-1.484612506,-1.316929855,-0.9639022508,-0.559047104,-0.4170277165,-0.2440484565,-0.1946542132,-0.1479345183,-0.09790853183,-0.06193704578,-0.04028371997,-0.02264098511,-0.01362892816,-0.00633074278,-0.0004121719307,0.00401617837,0.01820228097,0.1063406036,0.3080775569,1.002248914,2.256215854,4.104756658,12.7035171,18.00242067,36.00484134
-20,-5.0000001,99.99999991,100,0,0,0,0,0,0,0,0,0,0,0,0,0,0,0,0,0,0,0,0,0,0,0,0,0,0,0,0,0,0
-100,-20.00000001,0,5,-246.178829,-123.0894145,-65.56857385,-51.5784603,-45.83536287,-40.89442389,-40.18799591,-32.01588157,-27.89680507,-24.86886503,-22.41544639,-20.62939774,-18.53861935,-16.52627109,-13.45404992,-11.31833942,-8.503525853,-6.086104363,-4.383969016,-2.975543478,-1.16445392,2.717139517,8.605382852,12.51023937,19.91133833,23.95753477,26.05619162,31.85651035,44.21989233,88.43978466
-100,-20.00000001,5.00000001,10,-131.1492714,-65.57463568,-56.50976782,-42.26485556,-36.43746152,-33.73104348,-32.39484146,-26.14095863,-19.41136517,-16.6502595,-14.60499767,-13.41841567,-12.22942665,-11.06358673,-9.653837161,-8.062885026,-5.751407907,-4.722590679,-2.729161373,-1.345095318,0.9105616301,3.235511233,5.051289645,8.698937087,17.61636374,24.33848371,26.60954034,27.79914558,41.68429113,83.36858226
-100,-20.00000001,10.00000001,15,-64.5869453,-32.29347265,-30.71775167,-28.40796506,-24.81021725,-24.24261837,-23.86255353,-18.87449334,-16.69629068,-15.17245845,-14.1263825,-12.13180677,-10.77444278,-9.563012365,-7.880997443,-6.936786212,-5.869590307,-4.243585105,-1.16316691,0.857693556,1.846731775,4.387884003,7.611098621,9.237296605,12.54481858,13.92595973,16.14992376,19.58418594,32.34396343,64.68792686
-100,-20.00000001,15.00000001,20,-187.8397711,-93.91988555,-32.28293092,-29.78745673,-28.92312779,-24.37418232,-22.39351808,-17.47986341,-15.07619863,-13.23218237,-10.2958954,-9.249756851,-8.416063465,-7.07380236,-5.437069048,-3.699011347,-2.133276395,-0.04340093098,2.15533359,3.636685391,4.704104515,5.971226548,8.234229474,11.85328576,16.7798644,23.13414061,24.22598148,25.58978617,28.34380222,56.68760444
-100,-20.00000001,20.00000001,25,-65.91944678,-32.95972339,-29.54565056,-25.95169283,-24.20066641,-22.59005842,-20.00110574,-15.28742322,-13.80318884,-12.63383576,-10.51346588,-8.60279882,-6.938654179,-5.2399468,-2.840847495,-0.8179703749,0.5838062472,1.588933762,3.164945774,4.602352904,5.914722657,7.372581066,8.94482484,10.41042145,17.21006743,21.17014119,25.21266206,28.34370393,34.0067356,68.0134712
-100,-20.00000001,25.00000001,30,-64.3805098,-32.1902549,-24.92668653,-22.62191559,-21.68387288,-19.382648,-19.18294366,-14.77137007,-11.80977788,-10.67129143,-8.917478328,-7.894909637,-6.231889762,-4.806684389,-3.183947168,-1.228092839,0.6252020821,2.511133693,3.534440295,4.661464189,5.901269669,7.16844832,9.350605733,11.70008853,15.18056626,17.42023078,19.19672805,25.23804205,26.67228573,53.34457146
-100,-20.00000001,30.00000001,35,-74.9198468,-37.4599234,-22.7540659,-21.42759743,-19.98248776,-18.63623885,-16.19324682,-13.25742858,-11.55773595,-9.449550964,-7.364951015,-5.084501071,-3.531964409,-2.813500762,-1.212472103,0.324188962,1.872268595,3.412420787,4.143641271,5.186607079,5.796764077,6.837168636,8.301269265,11.49517892,15.07520254,18.30128583,19.72044432,22.46554824,23.76430946,47.52861892
-100,-20.00000001,35.00000001,40,-77.50899874,-38.75449937,-23.20703605,-22.19411028,-19.08617617,-17.72775697,-16.30154275,-13.50951764,-11.69700506,-9.77321652,-7.673872488,-5.997981733,-4.381070534,-3.425684821,-1.212024059,-0.2136090029,0.6368799026,2.09802891,3.092088279,5.010586568,6.269780053,7.794063296,9.282988924,12.4927085,15.2621297,16.70487473,17.08839139,19.06490465,39.16488553,78.32977106
-100,-20.00000001,40.00000001,45,-80.84041526,-40.42020763,-22.14065482,-17.46438905,-15.49553461,-13.63805878,-12.16329087,-10.70082856,-9.363981588,-7.630903636,-6.788724959,-5.547805563,-3.996546207,-2.776359654,-1.080896673,0.4097732105,1.558634534,2.644653316,4.057511657,5.135498386,6.342340118,7.496113766,8.56226882,10.65184272,13.2418909,14.63697341,15.12152703,16.04635893,18.2306853,36.4613706
-100,-20.00000001,45.00000001,50,-47.41841894,-23.70920947,-19.87404243,-16.47692255,-13.03410622,-12.52286742,-12.08779853,-10.3147319,-8.802895898,-7.035839836,-4.48377372,-2.911299187,-1.958757676,-1.086098616,0.1079044428,0.7912413825,1.229210212,2.121548374,3.099294719,4.335158195,5.271714551,6.291417947,7.444594885,9.496644697,10.82963919,12.20623989,13.29478259,14.72680558,15.59364223,31.18728446
-100,-20.00000001,50.00000001,55,-75.84348956,-37.92174478,-20.39840905,-17.33553179,-14.22129965,-11.892746,-11.55411439,-9.257452125,-7.266182303,-5.604023401,-4.21341637,-2.728158505,-1.330367371,-0.4442774522,0.1388020658,0.9020544055,1.733672134,2.329255267,3.026448899,3.980695459,4.980402623,6.055353618,6.830058997,8.295073508,9.920849006,10.44131099,10.83072925,11.4009543,13.45872903,26.91745806
-100,-20.00000001,55.00000001,60,-39.61799374,-19.80899687,-14.6222735,-13.36253758,-11.29736822,-10.40829796,-9.615334368,-7.476822974,-5.878809907,-4.157260929,-3.041580954,-1.64195801,-1.0033131,-0.3309481912,0,0.215503191,0.7193718899,1.330034861,1.938886746,2.54801995,3.09700009,4.029430831,4.803343837,6.596484173,8.873876371,10.28500212,11.62279087,12.33802224,18.71455489,37.42910978
-100,-20.00000001,60.00000001,65,-69.82420358,-34.91210179,-15.32269673,-11.22954338,-10.26425663,-9.532783781,-9.279675855,-6.064061659,-3.470078291,-2.609938233,-1.635971095,-0.7985592982,-0.2857800508,-0.004725640487,0.1471843965,0.5541423745,1.031572388,1.304627669,1.823609228,2.316690334,2.80242301,3.37876904,4.268640927,5.190995903,6.527589178,7.900525799,8.461734248,9.477309398,14.66744731,29.33489462
-100,-20.00000001,65.00000001,70,-37.65044508,-18.82522254,-11.39424853,-8.754446997,-8.170552934,-7.541998857,-6.93285282,-4.799968399,-3.402787915,-2.255563247,-1.586137444,-0.7805692447,-0.2286184332,-0.02731876965,0.01823052045,0.3082973193,0.7368530224,1.016653172,1.295943257,1.715780104,2.405657671,2.941177173,3.394398235,4.452550575,5.841379336,6.860826014,7.135527813,7.673619851,13.26615051,26.53230102
-100,-20.00000001,70.00000001,75,-30.52750146,-15.26375073,-12.31328767,-10.38235851,-9.12750473,-6.81402515,-6.027723026,-2.877520076,-2.145842518,-1.326698547,-0.873198925,-0.5425163963,-0.1888041504,-0.03738418284,0.003735413474,0.2082421172,0.5716195642,0.9242461625,1.161550745,1.522244069,2.000843494,2.580314381,2.95181205,3.665893746,4.937068622,5.870675234,6.243290542,6.705313189,8.48436115,16.9687223
-100,-20.00000001,75.00000001,80,-25.52632536,-12.76316268,-11.29122462,-10.0848482,-7.662469599,-6.829246887,-6.377287141,-3.627718982,-2.062729751,-1.117235143,-0.7973446715,-0.480863262,-0.2046693932,-0.0558080733,-0.007882352772,0.01750618772,0.2480951509,0.5446988005,0.841252443,1.130658759,1.462886155,1.735109681,2.079753926,2.643269429,3.503230364,4.645343438,4.918774364,5.685584386,8.503922972,17.00784594
-100,-20.00000001,80.00000001,85,-25.35207978,-12.67603989,-11.31485627,-8.609183635,-6.736804782,-6.312088229,-5.626011448,-2.396004806,-1.592179633,-0.9822336609,-0.6739239681,-0.4426755752,-0.1497951079,-0.07349982156,-0.02732265515,0,0.004803914501,0.04249768228,0.1793267601,0.5385084065,0.8184076583,1.093880294,1.519316406,2.015181499,2.588225006,3.109683473,3.514262541,4.175617604,16.15130487,32.30260974
-100,-20.00000001,85.00000001,90,-27.60147006,-13.80073503,-7.742938449,-5.725759811,-4.176663126,-3.430855341,-2.7194284,-1.235687087,-0.7115083224,-0.4877729385,-0.2497693051,-0.1384380575,-0.08119369635,-0.03495837549,-0.01166718427,0,0,0.005355613653,0.02964383019,0.08299715952,0.2389537233,0.4591228422,0.7026685814,1.015900998,1.446030575,2.051615284,2.366471585,2.736363784,6.59958797,13.19917594
-100,-20.00000001,90.00000001,95,-29.29394268,-14.64697134,-5.392444628,-3.758600572,-3.194378267,-2.721498867,-2.203181247,-1.132552327,-0.6267894271,-0.3941166235,-0.2386490852,-0.1334385377,-0.06490739891,-0.03416117888,-0.02047406536,-0.004659730931,0,0,0.009524458271,0.02210011677,0.0718757637,0.1542960637,0.2850404902,0.6204240836,1.230905694,1.615792297,1.973359746,3.093993367,14.72233571,29.44467142
-100,-20.00000001,95.00000001,99.9999999,-36.08258864,-18.04129432,-4.489903115,-2.680831175,-1.72996419,-1.317910627,-0.9619034302,-0.4778881249,-0.2603682555,-0.1781105721,-0.1239818358,-0.07644957782,-0.04717010277,-0.0305596452,-0.0190216389,-0.01054351837,-0.003594227005,0.000846621379,0.006274355908,0.01496696629,0.02877112561,0.06266898932,0.1129041067,0.2131139541,0.494177731,0.9982788469,1.87356381,3.326240257,41.36331164,82.72662328
-100,-20.00000001,99.99999991,100,0,0,0,0,0,0,0,0,0,0,0,0,0,0,0,0,0,0,0,0,0,0,0,0,0,0,0,0,0,0
5.0000001,20,0,5,-123.2965835,-61.64829176,-55.28723012,-48.92616848,-42.56510684,-39.41766199,-38.88128079,-37.38519473,-35.55153493,-34.01806488,-31.83918275,-25.33281419,-24.30436762,-23.94482936,-21.66934853,-18.91037018,-16.30781964,-11.03531285,-6.703328745,-1.308007894,3.432137902,6.002558335,12.63393414,15.14391596,18.2343002,21.20626788,22.61898905,24.03171021,25.44443137,50.88886274
5.0000001,20,5.00000001,10,-118.7797427,-59.38987136,-56.13463929,-52.87940722,-49.62417515,-46.36894308,-43.11371101,-40.68930159,-35.56947196,-33.1322243,-31.64520976,-29.35762584,-27.34475021,-25.73716565,-23.67210891,-20.70829278,-19.08268973,-16.48320684,-14.3097525,-12.82483716,-3.323461508,7.339588664,10.21403049,11.02078574,11.6809247,13.16968851,13.91407041,14.65845232,15.40283422,30.80566844
5.0000001,20,10.00000001,15,-41.2300825,-20.61504125,-20.42047678,-20.22591231,-20.03134784,-19.83678338,-19.64221891,-19.04509725,-17.27313577,-13.02945052,-8.175844107,-6.798643208,-6.286537931,-3.952021608,-1.156265534,1.177562814,3.414104878,5.739115961,6.893026146,7.059618667,9.238634771,10.08196647,10.32326653,12.4865916,17.1435587,17.28524494,17.35608806,17.42693118,17.4977743,34.9955486
5.0000001,20,15.00000001,20,-85.2465523,-42.62327615,-41.34267592,-40.06207568,-38.78147545,-37.50087521,-36.22027498,-35.7693901,-35.33529005,-26.76111268,-21.06716832,-19.58808114,-18.75759306,-14.4682405,-13.51498324,-10.1908929,-2.556397702,9.277332842,9.784631503,9.958440432,10.16431716,15.14274412,15.63098895,16.72144046,26.27959464,27.51087212,28.12651086,28.7421496,29.35778833,58.71557666
5.0000001,20,20.00000001,25,-101.6058055,-50.80290277,-47.65835936,-44.51381595,-41.36927254,-38.22472914,-36.15304685,-32.6491667,-30.53784091,-24.10731846,-17.16641784,-15.15349588,-12.65661901,-11.76519423,-11.32104704,-10.06677568,-7.109544606,-0.9162091347,1.785021657,3.55861995,3.959284682,5.250462718,6.600841309,8.978089724,9.916556335,11.67455889,12.78311002,13.89166114,15.00021226,30.00042452
5.0000001,20,25.00000001,30,-72.14027526,-36.07013763,-34.99918545,-33.92823327,-32.85728108,-31.7863289,-31.15969057,-29.8569294,-25.80933931,-24.70059989,-24.10577525,-21.54155658,-18.10659865,-17.29813091,-13.03748473,-11.18589051,-11.04395327,-8.649457722,0.02335074114,3.241744859,6.540384966,9.249369738,11.67099271,14.05369378,16.99622787,17.29242937,17.29804637,17.30366338,17.30928038,34.61856076
5.0000001,20,30.00000001,35,-54.56303354,-27.28151677,-25.54873078,-23.81594479,-22.0831588,-20.35037281,-19.58603968,-16.00530638,-12.60525023,-11.62044778,-10.70658778,-10.56739052,-10.28102734,-9.652802484,-8.384180284,-6.770833849,-1.114753554,2.778202748,4.135147675,6.939701116,9.249959977,10.49351999,11.84988843,12.48933043,13.06256906,13.51660802,13.81401264,14.11141726,14.40882189,28.81764378
5.0000001,20,35.00000001,40,-66.48460408,-33.24230204,-31.20384134,-29.16538063,-27.68370108,-26.75880269,-25.8339043,-23.5001559,-22.46257712,-18.58630495,-18.40435099,-16.0298639,-11.01534145,-10.93611485,-10.40329566,-9.321116656,-8.112318702,-7.326314261,-5.94441487,-1.772026733,0.3908106886,1.241237758,2.726885573,8.880461846,9.978697747,9.979245888,10.21158115,10.67597759,11.14037404,22.28074808
5.0000001,20,40.00000001,45,-59.73364586,-29.86682293,-26.82599182,-23.78516071,-22.17581485,-21.99795424,-21.82009363,-19.0302229,-17.64117567,-16.64770226,-15.70386044,-12.71771481,-10.24225241,-9.906776438,-7.70174376,-6.832254019,-5.006863288,-4.117426725,-3.876979138,-1.325915139,0.04417169728,1.834213939,2.984622809,9.04949171,14.67932957,16.34156436,17.56283362,19.17425475,20.78567587,41.57135174
5.0000001,20,45.00000001,50,-43.76207696,-21.88103848,-21.08844675,-20.29585502,-20.00149696,-19.8120302,-19.42980001,-16.38516288,-14.29762595,-13.40348614,-11.49990184,-9.920186775,-9.392788891,-8.662668165,-7.648542547,-5.588608187,-4.561516302,-3.412843658,-2.905724339,-2.752273351,-1.821270138,-0.8821070595,0.3737953182,1.229085409,2.459225197,7.683319399,11.07910085,12.37964067,13.68018049,27.36036098
5.0000001,20,50.00000001,55,-49.91105706,-24.95552853,-22.92021489,-20.73606099,-17.3859917,-14.42210114,-12.77765458,-10.2567822,-9.086800135,-8.356854088,-7.890495052,-7.772908605,-6.569645886,-6.26213848,-4.868265895,-4.273867516,-2.928441444,-1.967377737,-0.7183098759,-0.1554472189,0.5919547437,1.132767034,2.044718901,3.147301165,10.8947246,11.37280844,11.89045912,12.26708492,12.62570755,25.2514151
5.0000001,20,55.00000001,60,-35.3113149,-17.65565745,-17.60693367,-17.55820988,-16.61775254,-15.48956182,-14.6889209,-11.36302847,-9.187896962,-6.370407613,-5.501253178,-3.45725733,-2.785561176,-2.320867916,-1.620302114,-1.339099407,-0.5343706176,-0.1020057688,0.03365695129,1.051146979,1.185876461,2.421397876,2.863594027,4.410080911,5.269283744,7.266435232,8.780819269,11.33441267,13.88800607,27.77601214
5.0000001,20,60.00000001,65,-46.04973338,-23.02486669,-16.76531931,-11.83691597,-11.78937411,-11.32362428,-10.30026381,-8.980088226,-6.905137662,-5.761028742,-4.624244713,-4.252495623,-4.114585321,-3.565364611,-2.693682278,-2.26549736,-2.047540806,-1.977161071,-1.163808959,-0.5272882218,-0.07796919404,0.1003765637,0.7920756921,0.9521001173,2.591645441,4.10476115,6.090417767,7.502168904,8.757400365,17.51480073
5.0000001,20,65.00000001,70,-33.27715018,-16.63857509,-14.79728122,-12.95598735,-12.04255283,-11.8552691,-11.58185342,-8.231405198,-7.6933594,-7.258418584,-5.299980277,-4.568460664,-4.061438643,-3.418991716,-2.667905916,-2.491236171,-2.240974959,-1.836707455,-0.7434495304,-0.1673254814,0.2282337021,0.2409391745,0.7859685097,1.239054208,2.14757385,2.369954321,2.709176271,3.338457242,3.967738213,7.935476426
5.0000001,20,70.00000001,75,-34.06462834,-17.03231417,-13.74990097,-11.61020078,-11.49621911,-10.72199111,-9.766173678,-5.854032472,-4.004007825,-3.31429285,-2.516947686,-2.132137605,-1.86027483,-1.5637059,-1.475083518,-1.188576747,-1.030672008,-0.8827753451,-0.7100855801,-0.4361046338,-0.1405863449,0.01942734279,0.08006491987,0.1289107766,0.8439446061,1.438209533,2.641883605,4.218358409,6.005131063,12.01026213
5.0000001,20,75.00000001,80,-18.48368544,-9.241842721,-8.529407017,-7.87730557,-6.960677214,-5.834057819,-5.160565759,-3.885893645,-2.211882555,-1.962572376,-1.865590735,-1.698875942,-1.468533923,-1.103834631,-0.9518372117,-0.7078650009,-0.5309813766,-0.2678948939,-0.1631672513,-0.06122571948,-0.01790367439,0.2649303909,0.8369034126,2.08207345,4.847008511,6.899869678,6.933452319,7.851921489,11.14037404,22.28074808
5.0000001,20,80.00000001,85,-9.156703664,-4.578351832,-4.43002663,-4.283325796,-4.080809497,-3.716950013,-3.441043001,-2.411438158,-1.713067257,-1.189708966,-0.9369817452,-0.6490625682,-0.5161555072,-0.2686356938,-0.1352466757,-0.02516499768,0.0226603723,0.09649543138,0.2342276558,0.3130312756,0.3734567601,0.731553894,1.405984819,3.799340085,4.62538987,4.795022909,5.022745843,5.296974015,5.604990828,11.20998166
5.0000001,20,85.00000001,90,-15.22556271,-7.612781357,-6.752007801,-6.258587037,-4.958076703,-4.695018686,-4.386062733,-3.004186832,-1.544852111,-1.111003304,-0.6330945666,-0.2797962501,-0.06504341307,-0.009525443598,0.01283566536,0.1193933213,0.1856524687,0.2778263066,0.3943269845,0.4362308205,0.512253917,0.6971244757,1.286086114,1.593037191,3.277108814,3.659503226,4.098308718,4.289590593,4.869915844,9.739831688
5.0000001,20,90.00000001,95,-11.83974926,-5.919874629,-5.282523169,-4.105305554,-2.778673109,-2.282067127,-1.447443984,-0.9093187952,-0.5440114022,-0.3664695372,-0.09060865158,-0.02215131285,0.01048992927,0.06475857771,0.09155778932,0.116455461,0.2491453808,0.3619326266,0.52232032,0.6297052154,0.752322043,0.842759732,0.9502978968,1.308374351,2.389432573,3.014587839,3.539523784,4.782070465,4.888161434,9.776322868
5.0000001,20,95.00000001,99.9999999,-10.00373827,-5.001869137,-1.247268172,-0.8558518742,-0.6072616705,-0.3524266077,-0.3158300831,-0.07704427222,-0.009279168186,0,0.00423927751,0.01414962532,0.01969036174,0.03678210559,0.0581452633,0.09211915654,0.1129360494,0.1556828192,0.210063282,0.2914586104,0.3659867513,0.4333745812,0.5264800231,0.7482846478,0.996804656,1.295173451,1.60609526,1.95689628,2.466330125,4.93266025
5.0000001,20,99.99999991,100,0,0,0,0,0,0,0,0,0,0,0,0,0,0,0,0,0,0,0,0,0,0,0,0,0,0,0,0,0,0
20.0000001,100,0,5,-192.9333531,-96.46667656,-95.22085121,-94.0974335,-93.93287557,-91.93748343,-83.68674106,-64.88595879,-54.55898994,-47.75547144,-43.56865296,-39.84646188,-30.37912104,-23.78806903,-21.33815779,-18.09895613,-14.64928333,-10.44519516,-8.116302057,-3.093645814,5.120419757,9.994731888,13.79054534,18.59829678,23.24609422,28.516412,32.04673845,34.27085078,36.32821238,72.65642476
20.0000001,100,5.00000001,10,-369.5187166,-184.7593583,-179.2098801,-173.6604018,-132.8343448,-81.92926527,-58.21854212,-45.83510786,-41.90959154,-38.74927425,-31.74859679,-29.67011668,-23.13953619,-21.48570393,-18.37702335,-15.46031809,-7.465770722,-3.006608982,-2.103104387,0.6401864496,5.874065732,8.550427317,12.22193502,16.03520142,21.51441163,23.94584666,25.78595443,28.74805666,31.7101589,63.4203178
20.0000001,100,10.00000001,15,-124.8389097,-62.41945483,-61.03343488,-59.64741493,-58.26139498,-54.6210606,-50.32321785,-43.68160155,-42.42325213,-39.88450033,-39.62869331,-35.1947308,-32.6737741,-31.30871984,-27.64281092,-24.47986366,-22.9733757,-13.9503192,-6.898461808,-1.117143017,3.393671409,6.158151757,8.517696036,10.23053891,12.86023665,14.65142873,15.15907837,15.66672802,16.17437766,32.34875532
20.0000001,100,15.00000001,20,-116.6277749,-58.31388743,-55.70488777,-53.09588811,-51.98894585,-51.10181687,-50.45967091,-42.1488847,-33.46896292,-29.46057562,-28.0242248,-27.20034862,-26.51346547,-21.88616197,-11.23857402,-8.701709624,-7.667992469,-4.639900322,-0.1594744702,3.912398784,7.062404338,8.407759831,8.61151024,9.246178967,11.15198652,13.51853498,14.96294565,15.16566996,15.36839427,30.73678854
20.0000001,100,20.00000001,25,-87.63742356,-43.81871178,-43.52295226,-43.22719274,-42.93143321,-40.84060186,-37.29127464,-28.7708119,-23.59645055,-20.52837375,-19.09779209,-15.31051559,-11.42319839,-9.967079508,-8.253620547,-6.393807077,-5.266213271,-2.12008041,4.329824975,5.461932326,7.24909572,9.656833199,11.43595055,12.24357004,13.62368286,15.1426309,17.04819057,18.95375024,20.85930991,41.71861982
20.0000001,100,25.00000001,30,-63.35780916,-31.67890458,-30.50016266,-29.32142074,-28.78916897,-28.6547573,-28.38408819,-26.54745018,-24.40957293,-17.15590031,-13.43601786,-11.08736401,-6.639683938,-3.597410602,-1.522755016,-0.7305342461,0.4465219389,1.851397534,4.165307593,4.998044091,6.461759424,6.838937378,7.526254796,10.90089638,11.60596662,11.85559914,12.46890925,13.90074125,15.33257325,30.6651465
20.0000001,100,30.00000001,35,-103.9308553,-51.96542763,-44.22832178,-36.49121594,-32.87558287,-30.43751346,-29.06170714,-26.07480897,-25.09684357,-15.01544192,-11.17769726,-9.009486775,-7.525684543,-7.126403419,-4.486762423,-2.385419938,-0.3399371174,0.126009593,0.9326462562,2.348508192,4.031928245,7.849597089,9.348864703,10.57625552,12.40284049,12.46065332,12.87436541,14.71131127,16.54825714,33.09651428
20.0000001,100,35.00000001,40,-57.91771056,-28.95885528,-27.69785046,-26.83039214,-26.75002684,-25.88849973,-24.63639173,-22.23078389,-20.29575173,-18.22157333,-16.66501529,-14.20064925,-11.89247687,-11.50923321,-9.195971316,-7.295771949,-5.069969651,-3.37291579,-3.292923994,-0.1734140037,0.8286664228,4.697932622,6.591833914,8.09043533,8.665474674,9.104317621,10.12610321,12.30238485,15.05591451,30.11182902
20.0000001,100,40.00000001,45,-106.4325756,-53.21628781,-35.18149712,-28.2936373,-26.97275177,-26.58703327,-23.7825968,-15.33723598,-13.77609522,-11.34354346,-10.83688302,-10.17151534,-9.293551664,-8.022791581,-6.310545213,-5.369141928,-4.725337779,-4.258238589,-3.726673749,-2.980605879,-2.142985176,-0.4461331115,0.850977271,1.384685984,3.192963545,7.170376989,10.15545538,13.38478304,14.84757266,29.69514532
20.0000001,100,45.00000001,50,-208.7157118,-104.3578559,-60.91543132,-53.6708096,-34.6521277,-20.22725404,-18.90027816,-14.76006119,-11.18421533,-8.918391776,-6.89535863,-6.00767859,-5.123556115,-4.495680478,-4.064246136,-3.530799698,-3.353469997,-2.519964869,-2.099787009,-1.161031792,-0.6744674201,0.2187772354,0.9339597246,1.95352031,3.406104991,4.290419791,5.896510447,8.271081443,14.15878382,28.31756764
20.0000001,100,50.00000001,55,-199.5961044,-99.79805221,-65.36057952,-41.00960136,-24.00269894,-11.59745349,-10.27614234,-7.551873841,-6.323258137,-5.380490212,-4.335241208,-2.987209265,-2.091319735,-1.695278688,-1.432316765,-1.096258411,-1.053746914,-0.3307674574,0.05273542721,1.226167178,1.767304806,2.171080186,2.791672083,3.083757272,6.336610417,8.11005817,10.87979458,13.70460954,14.66728508,29.33457016
20.0000001,100,55.00000001,60,-108.4746705,-54.23733524,-30.14365361,-22.42115818,-18.72428804,-16.0101912,-14.81228842,-9.471994028,-7.219806649,-5.537077804,-5.126525248,-3.888012605,-2.66385618,-1.789417456,-1.24859877,-1.115476757,-0.6919956408,-0.3579959842,0.3634475974,0.9459264494,1.776427978,2.534672014,3.742625592,4.285921312,7.091271948,9.5644063,10.76440313,12.00755821,12.01997153,24.03994306
20.0000001,100,60.00000001,65,-21.06931826,-10.53465913,-9.074047718,-7.856195447,-6.960812423,-6.907828746,-6.745085514,-5.658326365,-4.164980572,-3.611693123,-2.716609943,-1.742504242,-1.048037094,-0.9425693306,-0.3473444514,-0.1447854741,-0.03262029674,0.08482027747,0.1572336265,0.4389686967,0.8468039274,1.50162083,3.794226685,6.094434952,6.815787119,9.226553189,9.4920203,9.592056855,9.816148649,19.6322973
20.0000001,100,65.00000001,70,-108.4746705,-54.23733524,-16.81599295,-7.584490207,-6.719082624,-6.169475411,-5.607192782,-4.107760761,-3.05273815,-2.348534129,-2.050835179,-1.921094468,-1.655496112,-1.171006822,-0.8994485585,-0.5582951618,-0.08547581861,0.08286804081,0.2134028735,0.6371840219,0.8064498808,1.439590127,1.830114624,2.682897232,4.634478714,8.983968859,10.24336162,10.46821074,10.94587322,21.89174644
20.0000001,100,70.00000001,75,-109.1146383,-54.55731916,-22.43959987,-6.601817051,-6.491032516,-6.302932361,-6.169220391,-4.847167614,-4.060694062,-3.005180311,-2.464139525,-2.060437329,-1.52746223,-0.9342996352,-0.8134390488,-0.3638912257,-0.16185354,-0.1069669647,-0.05704120795,0.02690625547,0.3313484715,0.9056327196,1.391957865,2.17036827,3.239049076,3.635510666,5.043764867,6.539825691,10.12806744,20.25613488
20.0000001,100,75.00000001,80,-108.9233506,-54.46167529,-24.94525869,-24.77458907,-22.97203716,-6.535104063,-5.127811893,-3.131658732,-2.740860284,-2.229916838,-1.883481026,-1.25001114,-1.07681809,-0.7862070039,-0.4380246122,-0.1259258245,-0.03605909846,0.1088240556,0.4131846098,0.5956603613,0.7488487664,0.9490935646,1.334182932,2.160374323,4.264450887,4.581033567,4.842067397,4.981419097,7.90405042,15.80810084
20.0000001,100,80.00000001,85,-232.5272642,-116.2636321,-55.8809309,-26.38449989,-24.87942181,-8.892655129,-7.504318743,-4.087099553,-2.08646649,-1.715695555,-1.198948945,-0.9659135274,-0.5671031831,-0.3169199167,-0.1069462823,-0.0135036779,0.03197562778,0.2704287044,0.3518431076,0.6682581565,0.8402572944,1.099329741,2.635567615,3.209218398,4.371695586,4.500590897,5.167886813,6.480277876,6.636107316,13.27221463
20.0000001,100,85.00000001,90,-109.5565821,-54.77829106,-54.63988355,-54.58660895,-54.42517573,-44.4021897,-22.0260781,-1.980276701,-1.585616851,-1.316635322,-0.812294719,-0.2489376468,-0.09753550092,-0.01212858153,0.006455337328,0.04290613387,0.1158124924,0.184279718,0.2483050852,0.3716664899,0.5658387294,0.6958909452,1.377818645,2.101743246,2.773222892,3.303218934,3.350112715,3.65479404,4.774750274,9.549500548
20.0000001,100,90.00000001,95,-111.3755969,-55.68779847,-55.15277454,-26.48103944,-5.757929333,-2.888937179,-2.688026456,-1.11215408,-0.478578508,-0.3010841568,-0.1391263742,-0.07235261654,-0.02054806756,0.005705069314,0.02345097179,0.06532939199,0.1458902799,0.2423481375,0.2975498141,0.3733204954,0.5778766623,0.6572359157,0.6944472817,0.8104326178,2.09750398,3.171920422,3.320916303,3.521205594,5.11333636,10.22667272
20.0000001,100,95.00000001,99.9999999,-73.17102438,-36.58551219,-23.79750557,-4.362216533,-2.074082362,-1.904121259,-1.223587354,-0.3666137705,-0.1344558242,-0.07127245803,-0.03770459495,-0.01302226212,0,0.008249338937,0.01900319875,0.02552387759,0.04154643648,0.05452995224,0.09516344996,0.1319892329,0.218218758,0.2828047434,0.3887011271,0.6469096065,0.9440694018,2.14617397,2.742426102,2.885261566,4.799014231,9.598028462
20.0000001,100,99.99999991,100,0,0,0,0,0,0,0,0,0,0,0,0,0,0,0,0,0,0,0,0,0,0,0,0,0,0,0,0,0,0